biking,smoking,heart.disease
45.09720266,21.38562013,9.616762485
8.279743388,6.423719525,13.49516765
42.34586343,20.74132754,10.11586515
30.77425409,23.61017497,11.84355576
